{
  "width": 5000,
  "height": 5000,
  "seed": 1337,
  "debug": true,
  "asteroids": [
    {
      "x": -478.66600877487025,
      "y": 295.64665247859637,
      "radius": 10
    },
    {
      "x": -337.8818885469673,
      "y": 295.64665247859637,
      "radius": 20
    },
    {
      "x": -178.32655228867716,
      "y": 305.03226049378986,
      "radius": 30
    },
    {
      "x": -23.464020037983836,
      "y": 295.64665247859637,
      "radius": 40
    },
    {
      "x": 164.24814026588686,
      "y": 272.1826324406125,
      "radius": 50
    },
    {
      "x": 389.5027326305317,
      "y": 229.9473963722416,
      "radius": 60
    },
    {
      "x": 586.6005009495959,
      "y": 178.32655228867716,
      "radius": 70
    },
    {
      "x": 821.2407013294343,
      "y": 107.93449217472565,
      "radius": 80
    },
    {
      "x": 1074.6521177396596,
      "y": 0,
      "radius": 90
    },
    {
      "x": 1313.9851221270949,
      "y": -211.17618034185452,
      "radius": 100
    },
    {
      "x": 1604.9389705980943,
      "y": -450.50918472928964,
      "radius": 110
    },
    {
      "x": 1816.115150939949,
      "y": -736.7702291926925,
      "radius": 120
    },
    {
      "x": 1769.1871108639814,
      "y": -1093.4233337700468,
      "radius": 130
    },
    {
      "x": 1497.0044784233687,
      "y": -1426.6124183094173,
      "radius": 140
    },
    {
      "x": 1210.743433959966,
      "y": -1572.0893425449171,
      "radius": 150
    },
    {
      "x": 807.162289306644,
      "y": -1572.0893425449171,
      "radius": 160
    },
    {
      "x": 422.35236068370904,
      "y": -1572.0893425449171,
      "radius": 170
    },
    {
      "x": -32.84962805317737,
      "y": -1567.3965385373203,
      "radius": 180
    },
    {
      "x": -469.28040075967675,
      "y": -1529.8541064765461,
      "radius": 190
    },
    {
      "x": -915.0967814813696,
      "y": -1487.6188704081753,
      "radius": 200
    },
    {
      "x": -1281.1354940739175,
      "y": -1135.6585698384176,
      "radius": 210
    },
    {
      "x": -1487.6188704081753,
      "y": -642.9141490407571,
      "radius": 220
    },
    {
      "x": -1745.7230908259974,
      "y": -136.09131622030625,
      "radius": 230
    },
    {
      "x": -1689.4094427348361,
      "y": 422.35236068370904,
      "radius": 240
    },
    {
      "x": -1304.5995141119013,
      "y": 980.7960375877244,
      "radius": 250
    },
    {
      "x": -558.4436769040153,
      "y": 1177.8938059067887,
      "radius": 260
    },
    {
      "x": 244.0258083950319,
      "y": 1220.1290419751595,
      "radius": 270
    },
    {
      "x": 1051.1880977016758,
      "y": 1238.9002580055467,
      "radius": 280
    },
    {
      "x": 1783.2655228867716,
      "y": 877.5543494205955,
      "radius": 290
    },
    {
      "x": 2078.912175365368,
      "y": 28.156824045580603,
      "radius": 300
    },
    {
      "x": -64.78826626777249,
      "y": -165.6880252093854,
      "radius": 20,
      "oreType": "cuprite"
    },
    {
      "x": 39.29780085094397,
      "y": -182.6816688206044,
      "radius": 20,
      "oreType": "cuprite"
    },
    {
      "x": 115.76919710142953,
      "y": -214.54475059164005,
      "radius": 20,
      "oreType": "cuprite"
    },
    {
      "x": 62.66406081637011,
      "y": -293.140352293528,
      "radius": 20,
      "oreType": "cuprite"
    },
    {
      "x": 1.0621027257011884,
      "y": -335.6244613215755,
      "radius": 20,
      "oreType": "cuprite"
    },
    {
      "x": -77.53349897618675,
      "y": -354.7423103841969,
      "radius": 20,
      "oreType": "cuprite"
    },
    {
      "x": -86.03032078179626,
      "y": -254.9046541682852,
      "radius": 20,
      "oreType": "cuprite"
    },
    {
      "x": 9.558924531310694,
      "y": -257.0288596196876,
      "radius": 20,
      "oreType": "cuprite"
    },
    {
      "x": -49.918828107955854,
      "y": -280.3951195851137,
      "radius": 20,
      "oreType": "cuprite"
    },
    {
      "x": -62.66406081637011,
      "y": -305.8855850019422,
      "radius": 20,
      "oreType": "cuprite"
    },
    {
      "x": -154.00489522667232,
      "y": -322.8792286131613,
      "radius": 20,
      "oreType": "cuprite"
    },
    {
      "x": -202.86162060892698,
      "y": -250.65624326548044,
      "radius": 20,
      "oreType": "cuprite"
    },
    {
      "x": -162.50171703228182,
      "y": -148.69438159816636,
      "radius": 20,
      "oreType": "cuprite"
    },
    {
      "x": -92.40293713600339,
      "y": -237.9110105570662,
      "radius": 20,
      "oreType": "cuprite"
    },
    {
      "x": -158.25330612947707,
      "y": -157.1912034037759,
      "radius": 20,
      "oreType": "cuprite"
    },
    {
      "x": -323.9413313388624,
      "y": -129.57653253554497,
      "radius": 20,
      "oreType": "cuprite"
    },
    {
      "x": -334.56235859587434,
      "y": -240.03521600846858,
      "radius": 20,
      "oreType": "cuprite"
    },
    {
      "x": -296.32666047063157,
      "y": -365.3633376412088,
      "radius": 20,
      "oreType": "cuprite"
    },
    {
      "x": -209.2342369631341,
      "y": -463.0767884057181,
      "radius": 20,
      "oreType": "cuprite"
    },
    {
      "x": -45.6704172051511,
      "y": -475.8220211141324,
      "radius": 20,
      "oreType": "cuprite"
    },
    {
      "x": 143.38386796966043,
      "y": -384.4811867038302,
      "radius": 20,
      "oreType": "cuprite"
    },
    {
      "x": 156.12910067807468,
      "y": -350.49389948139213,
      "radius": 20,
      "oreType": "cuprite"
    },
    {
      "x": 298.4508659220339,
      "y": -263.4014759738947,
      "radius": 20,
      "oreType": "cuprite"
    },
    {
      "x": 126.39022435844142,
      "y": -110.45868347292358,
      "radius": 20,
      "oreType": "cuprite"
    },
    {
      "x": 24.428362691127333,
      "y": -118.9555052785331,
      "radius": 20,
      "oreType": "cuprite"
    },
    {
      "x": -128.5144298098438,
      "y": -89.21662895889982,
      "radius": 20,
      "oreType": "cuprite"
    },
    {
      "x": -213.48264786593887,
      "y": -97.71345076450933,
      "radius": 20,
      "oreType": "cuprite"
    },
    {
      "x": -258.0909623453888,
      "y": -212.42054514023766,
      "radius": 20,
      "oreType": "cuprite"
    },
    {
      "x": -255.9667568939864,
      "y": -299.51296864773514,
      "radius": 20,
      "oreType": "cuprite"
    },
    {
      "x": -215.60685331734123,
      "y": -361.11492673840405,
      "radius": 20,
      "oreType": "cuprite"
    },
    {
      "x": -130.63863526124618,
      "y": -375.9843648982207,
      "radius": 20,
      "oreType": "cuprite"
    },
    {
      "x": -54.1672390107606,
      "y": -422.71688482907297,
      "radius": 20,
      "oreType": "cuprite"
    },
    {
      "x": 11.683129982713071,
      "y": -390.85380305803733,
      "radius": 20,
      "oreType": "cuprite"
    },
    {
      "x": 54.1672390107606,
      "y": -382.35698125242783,
      "radius": 20,
      "oreType": "cuprite"
    },
    {
      "x": 105.14816984441765,
      "y": -282.5193250365161,
      "radius": 20,
      "oreType": "cuprite"
    },
    {
      "x": 134.88704616405093,
      "y": -276.146708682309,
      "radius": 20,
      "oreType": "cuprite"
    },
    {
      "x": -9.558924531310694,
      "y": -186.93007972340914,
      "radius": 20,
      "oreType": "cuprite"
    },
    {
      "x": -60.539855364967735,
      "y": -206.04792878603055,
      "radius": 20,
      "oreType": "cuprite"
    },
    {
      "x": -103.02396439301528,
      "y": -206.04792878603055,
      "radius": 20,
      "oreType": "cuprite"
    },
    {
      "x": -147.63227887246518,
      "y": -225.16577784865194,
      "radius": 20,
      "oreType": "cuprite"
    }
  ],
  "structures": [
    {
      "x": -647.0552671883593,
      "y": -851.8195922479665,
      "type": "shop"
    },
    {
      "x": -122.85859503576441,
      "y": -876.3913112551195,
      "type": "shop"
    },
    {
      "x": 401.3380771168304,
      "y": -909.1536032646567,
      "type": "shop"
    },
    {
      "x": 1122.1085013266484,
      "y": -991.0593332884996,
      "type": "shop"
    },
    {
      "x": 1187.6330853457225,
      "y": -573.3401101669006,
      "type": "shop"
    },
    {
      "x": -737.1515702145864,
      "y": 573.3401101669006,
      "type": "shipyard"
    },
    {
      "x": -352.19463910252466,
      "y": 720.7704242098179,
      "type": "shipyard"
    },
    {
      "x": 188.38317905483876,
      "y": 704.3892782050493,
      "type": "shipyard"
    },
    {
      "x": 597.9118291740534,
      "y": 655.2458401907435,
      "type": "shipyard"
    },
    {
      "x": 1228.5859503576442,
      "y": 540.5778181573634,
      "type": "shipyard"
    },
    {
      "x": -1425.159702414867,
      "y": 1646.305173479243,
      "type": "refinery"
    },
    {
      "x": -876.3913112551195,
      "y": 1793.7354875221604,
      "type": "refinery"
    },
    {
      "x": -319.43234709298747,
      "y": 1859.2600715412348,
      "type": "refinery"
    },
    {
      "x": 303.0512010882189,
      "y": 1867.450644543619,
      "type": "refinery"
    },
    {
      "x": 860.0101652503508,
      "y": 1900.2129365531562,
      "type": "refinery"
    },
    {
      "x": -1449.73142142202,
      "y": 2137.7395536223007,
      "type": "fueling"
    },
    {
      "x": -884.5818842575037,
      "y": 2186.8829916366067,
      "type": "fueling"
    },
    {
      "x": -499.6249531454419,
      "y": 2244.2170026532967,
      "type": "fueling"
    },
    {
      "x": 98.28687602861153,
      "y": 2268.7887216604495,
      "type": "fueling"
    },
    {
      "x": 671.6269861955121,
      "y": 2285.169867665218,
      "type": "fueling"
    },
    {
      "x": -1900.2129365531562,
      "y": -1433.3502754172514,
      "type": "warpgate"
    },
    {
      "x": -1498.8748594363258,
      "y": -1842.878925536466,
      "type": "warpgate"
    },
    {
      "x": -941.9158952741938,
      "y": -2104.9772616127634,
      "type": "warpgate"
    },
    {
      "x": -196.57375205722306,
      "y": -2203.264137641375,
      "type": "warpgate"
    },
    {
      "x": 360.38521210490893,
      "y": -2203.264137641375,
      "type": "warpgate"
    },
    {
      "x": 1310.491680381487,
      "y": -2162.3112726294535,
      "type": "piratebase"
    },
    {
      "x": 2104.9772616127634,
      "y": -1679.0674654887803,
      "type": "piratebase"
    },
    {
      "x": 993.4741168946478,
      "y": -1001.0004359620316,
      "type": "shop"
    },
    {
      "x": 940,
      "y": -966.6666666666667,
      "type": "warpgate"
    },
    {
      "x": 500,
      "y": -913.3333333333334,
      "type": "warpgate"
    }
  ]
}